list_year,source,source_url,rank,name,pos,org,is_hitter,player_id,match_status
2014,pipeline,https://www.mlb.com/news/2014-top-100-mlb-prospects-list-c301609478,1,Byron Buxton,OF,MIN,True,621439,matched
2014,pipeline,https://www.mlb.com/news/2014-top-100-mlb-prospects-list-c301609478,2,Xander Bogaerts,SS,BOS,True,593428,matched
2014,pipeline,https://www.mlb.com/news/2014-top-100-mlb-prospects-list-c301609478,3,Oscar Taveras,OF,STL,True,570805,matched
2014,pipeline,https://www.mlb.com/news/2014-top-100-mlb-prospects-list-c301609478,4,Miguel Sanó,3B,MIN,True,593934,matched
2014,pipeline,https://www.mlb.com/news/2014-top-100-mlb-prospects-list-c301609478,5,Archie Bradley,RHP,ARI,False,,pitcher
2014,pipeline,https://www.mlb.com/news/2014-top-100-mlb-prospects-list-c301609478,6,Taijuan Walker,RHP,SEA,False,,pitcher
2014,pipeline,https://www.mlb.com/news/2014-top-100-mlb-prospects-list-c301609478,7,Javier Báez,SS,CHC,True,595879,matched
2014,pipeline,https://www.mlb.com/news/2014-top-100-mlb-prospects-list-c301609478,8,Carlos Correa,SS,HOU,True,621043,matched
2014,pipeline,https://www.mlb.com/news/2014-top-100-mlb-prospects-list-c301609478,9,Kris Bryant,3B,CHC,True,592178,matched
2014,pipeline,https://www.mlb.com/news/2014-top-100-mlb-prospects-list-c301609478,10,Francisco Lindor,SS,CLE,True,596019,matched
2014,pipeline,https://www.mlb.com/news/2014-top-100-mlb-prospects-list-c301609478,11,Noah Syndergaard,RHP,NYM,False,,pitcher
2014,pipeline,https://www.mlb.com/news/2014-top-100-mlb-prospects-list-c301609478,12,Addison Russell,SS,OAK,True,608365,matched
2014,pipeline,https://www.mlb.com/news/2014-top-100-mlb-prospects-list-c301609478,13,Gregory Polanco,OF,PIT,True,570256,matched
2014,pipeline,https://www.mlb.com/news/2014-top-100-mlb-prospects-list-c301609478,14,Jon Gray,RHP,COL,False,,pitcher
2014,pipeline,https://www.mlb.com/news/2014-top-100-mlb-prospects-list-c301609478,15,Nicholas Castellanos,3B/OF,DET,True,592206,matched
2014,pipeline,https://www.mlb.com/news/2014-top-100-mlb-prospects-list-c301609478,16,Jameson Taillon,RHP,PIT,False,,pitcher
2014,pipeline,https://www.mlb.com/news/2014-top-100-mlb-prospects-list-c301609478,17,Mark Appel,RHP,HOU,False,,pitcher
2014,pipeline,https://www.mlb.com/news/2014-top-100-mlb-prospects-list-c301609478,18,Albert Almora Jr.,OF,CHC,True,546991,matched
2014,pipeline,https://www.mlb.com/news/2014-top-100-mlb-prospects-list-c301609478,19,Robert Stephenson,RHP,CIN,False,,pitcher
2014,pipeline,https://www.mlb.com/news/2014-top-100-mlb-prospects-list-c301609478,20,Dylan Bundy,RHP,BAL,False,,pitcher
2014,pipeline,https://www.mlb.com/news/2014-top-100-mlb-prospects-list-c301609478,21,George Springer,OF,HOU,True,543807,matched
2014,pipeline,https://www.mlb.com/news/2014-top-100-mlb-prospects-list-c301609478,22,Travis d'Arnaud,C,NYM,True,518595,matched
2014,pipeline,https://www.mlb.com/news/2014-top-100-mlb-prospects-list-c301609478,23,Aaron Sanchez,RHP,TOR,False,,pitcher
2014,pipeline,https://www.mlb.com/news/2014-top-100-mlb-prospects-list-c301609478,24,Austin Hedges,C,SD,True,595978,matched
2014,pipeline,https://www.mlb.com/news/2014-top-100-mlb-prospects-list-c301609478,25,Kyle Zimmer,RHP,KC,False,,pitcher
2014,pipeline,https://www.mlb.com/news/2014-top-100-mlb-prospects-list-c301609478,26,Maikel Franco,3B,PHI,True,596748,matched
2014,pipeline,https://www.mlb.com/news/2014-top-100-mlb-prospects-list-c301609478,27,Tyler Glasnow,RHP,PIT,False,,pitcher
2014,pipeline,https://www.mlb.com/news/2014-top-100-mlb-prospects-list-c301609478,28,Alex Meyer,RHP,MIN,False,,pitcher
2014,pipeline,https://www.mlb.com/news/2014-top-100-mlb-prospects-list-c301609478,29,Andrew Heaney,LHP,MIA,False,,pitcher
2014,pipeline,https://www.mlb.com/news/2014-top-100-mlb-prospects-list-c301609478,30,Henry Owens,LHP,BOS,False,,pitcher
2014,pipeline,https://www.mlb.com/news/2014-top-100-mlb-prospects-list-c301609478,31,Kevin Gausman,RHP,BAL,False,,pitcher
2014,pipeline,https://www.mlb.com/news/2014-top-100-mlb-prospects-list-c301609478,32,Kyle Crick,RHP,SF,False,,pitcher
2014,pipeline,https://www.mlb.com/news/2014-top-100-mlb-prospects-list-c301609478,33,Jackie Bradley Jr.,OF,BOS,True,598265,matched
2014,pipeline,https://www.mlb.com/news/2014-top-100-mlb-prospects-list-c301609478,34,Corey Seager,SS,LAD,True,608369,matched
2014,pipeline,https://www.mlb.com/news/2014-top-100-mlb-prospects-list-c301609478,35,Yordano Ventura,RHP,KC,False,,pitcher
2014,pipeline,https://www.mlb.com/news/2014-top-100-mlb-prospects-list-c301609478,36,Joc Pederson,OF,LAD,True,592626,matched
2014,pipeline,https://www.mlb.com/news/2014-top-100-mlb-prospects-list-c301609478,37,Billy Hamilton,OF,CIN,True,571740,matched
2014,pipeline,https://www.mlb.com/news/2014-top-100-mlb-prospects-list-c301609478,38,Raul Adalberto Mondesi,SS,KC,True,597471,matched
2014,pipeline,https://www.mlb.com/news/2014-top-100-mlb-prospects-list-c301609478,39,Jorge Alfaro,C,TEX,True,595751,matched
2014,pipeline,https://www.mlb.com/news/2014-top-100-mlb-prospects-list-c301609478,40,Kohl Stewart,RHP,MIN,False,,pitcher
2014,pipeline,https://www.mlb.com/news/2014-top-100-mlb-prospects-list-c301609478,41,Eddie Butler,RHP,COL,False,,pitcher
2014,pipeline,https://www.mlb.com/news/2014-top-100-mlb-prospects-list-c301609478,42,Carl Edwards Jr.,RHP,CHC,False,,pitcher
2014,pipeline,https://www.mlb.com/news/2014-top-100-mlb-prospects-list-c301609478,43,Max Fried,LHP,SD,False,,pitcher
2014,pipeline,https://www.mlb.com/news/2014-top-100-mlb-prospects-list-c301609478,44,Lucas Giolito,RHP,WAS,False,,pitcher
2014,pipeline,https://www.mlb.com/news/2014-top-100-mlb-prospects-list-c301609478,45,Austin Meadows,OF,PIT,True,640457,matched
2014,pipeline,https://www.mlb.com/news/2014-top-100-mlb-prospects-list-c301609478,46,Allen Webster,RHP,BOS,False,,pitcher
2014,pipeline,https://www.mlb.com/news/2014-top-100-mlb-prospects-list-c301609478,47,Gary Sánchez,C,NYY,True,596142,matched
2014,pipeline,https://www.mlb.com/news/2014-top-100-mlb-prospects-list-c301609478,48,Clint Frazier,OF,CLE,True,640449,matched
2014,pipeline,https://www.mlb.com/news/2014-top-100-mlb-prospects-list-c301609478,49,Jorge Soler,OF,CHC,True,624585,matched
2014,pipeline,https://www.mlb.com/news/2014-top-100-mlb-prospects-list-c301609478,50,Jon Singleton,1B,HOU,True,572138,matched
2014,pipeline,https://www.mlb.com/news/2014-top-100-mlb-prospects-list-c301609478,51,Colin Moran,3B,MIA,True,592567,matched
2014,pipeline,https://www.mlb.com/news/2014-top-100-mlb-prospects-list-c301609478,52,Lance McCullers Jr.,RHP,HOU,False,,pitcher
2014,pipeline,https://www.mlb.com/news/2014-top-100-mlb-prospects-list-c301609478,53,Jesse Biddle,LHP,PHI,False,,pitcher
2014,pipeline,https://www.mlb.com/news/2014-top-100-mlb-prospects-list-c301609478,54,Mike Foltynewicz,RHP,HOU,False,,pitcher
2014,pipeline,https://www.mlb.com/news/2014-top-100-mlb-prospects-list-c301609478,55,Marcus Stroman,RHP,TOR,False,,pitcher
2014,pipeline,https://www.mlb.com/news/2014-top-100-mlb-prospects-list-c301609478,56,Jake Odorizzi,RHP,TB,False,,pitcher
2014,pipeline,https://www.mlb.com/news/2014-top-100-mlb-prospects-list-c301609478,57,Garin Cecchini,3B,BOS,True,594555,matched
2014,pipeline,https://www.mlb.com/news/2014-top-100-mlb-prospects-list-c301609478,58,Kolten Wong,2B,STL,True,543939,matched
2014,pipeline,https://www.mlb.com/news/2014-top-100-mlb-prospects-list-c301609478,59,Rougned Odor,2B,TEX,True,596059,matched
2014,pipeline,https://www.mlb.com/news/2014-top-100-mlb-prospects-list-c301609478,60,Lucas Sims,RHP,ATL,False,,pitcher
2014,pipeline,https://www.mlb.com/news/2014-top-100-mlb-prospects-list-c301609478,61,Blake Swihart,C,BOS,True,596119,matched
2014,pipeline,https://www.mlb.com/news/2014-top-100-mlb-prospects-list-c301609478,62,Mookie Betts,2B,BOS,True,605141,matched
2014,pipeline,https://www.mlb.com/news/2014-top-100-mlb-prospects-list-c301609478,63,Zach Lee,RHP,LAD,False,,pitcher
2014,pipeline,https://www.mlb.com/news/2014-top-100-mlb-prospects-list-c301609478,64,Julio Urías,LHP,LAD,False,,pitcher
2014,pipeline,https://www.mlb.com/news/2014-top-100-mlb-prospects-list-c301609478,65,Jake Marisnick,OF,MIA,True,545350,matched
2014,pipeline,https://www.mlb.com/news/2014-top-100-mlb-prospects-list-c301609478,66,Delino DeShields Jr.,OF,HOU,True,592261,matched
2014,pipeline,https://www.mlb.com/news/2014-top-100-mlb-prospects-list-c301609478,67,Alen Hanson,SS,PIT,True,593700,matched
2014,pipeline,https://www.mlb.com/news/2014-top-100-mlb-prospects-list-c301609478,68,Eduardo Rodriguez,LHP,BAL,False,,pitcher
2014,pipeline,https://www.mlb.com/news/2014-top-100-mlb-prospects-list-c301609478,69,A.J. Cole,RHP,WAS,False,,pitcher
2014,pipeline,https://www.mlb.com/news/2014-top-100-mlb-prospects-list-c301609478,70,Erik Johnson,RHP,CWS,False,,pitcher
2014,pipeline,https://www.mlb.com/news/2014-top-100-mlb-prospects-list-c301609478,71,David Dahl,OF,COL,True,621311,matched
2014,pipeline,https://www.mlb.com/news/2014-top-100-mlb-prospects-list-c301609478,72,Michael Choice,OF,TEX,True,574831,matched
2014,pipeline,https://www.mlb.com/news/2014-top-100-mlb-prospects-list-c301609478,73,Trevor Bauer,RHP,CLE,False,,pitcher
2014,pipeline,https://www.mlb.com/news/2014-top-100-mlb-prospects-list-c301609478,74,Josh Bell,OF,PIT,True,605137,matched
2014,pipeline,https://www.mlb.com/news/2014-top-100-mlb-prospects-list-c301609478,75,Mason Williams,OF,NYY,True,592863,matched
2014,pipeline,https://www.mlb.com/news/2014-top-100-mlb-prospects-list-c301609478,76,Luis Sardiñas,SS,TEX,True,596143,matched
2014,pipeline,https://www.mlb.com/news/2014-top-100-mlb-prospects-list-c301609478,77,Chris Owings,SS,ARI,True,572008,matched
2014,pipeline,https://www.mlb.com/news/2014-top-100-mlb-prospects-list-c301609478,78,Matt Wisler,RHP,SD,False,,pitcher
2014,pipeline,https://www.mlb.com/news/2014-top-100-mlb-prospects-list-c301609478,79,Braden Shipley,RHP,ARI,False,,pitcher
2014,pipeline,https://www.mlb.com/news/2014-top-100-mlb-prospects-list-c301609478,80,Matt Davidson,3B,CWS,True,571602,matched
2014,pipeline,https://www.mlb.com/news/2014-top-100-mlb-prospects-list-c301609478,81,Justin Nicolino,LHP,MIA,False,,pitcher
2014,pipeline,https://www.mlb.com/news/2014-top-100-mlb-prospects-list-c301609478,82,Christian Bethancourt,C,ATL,True,542194,matched
2014,pipeline,https://www.mlb.com/news/2014-top-100-mlb-prospects-list-c301609478,83,Jimmy Nelson,RHP,MIL,False,,pitcher
2014,pipeline,https://www.mlb.com/news/2014-top-100-mlb-prospects-list-c301609478,84,Hak-Ju Lee,SS,TB,True,573349,matched
2014,pipeline,https://www.mlb.com/news/2014-top-100-mlb-prospects-list-c301609478,85,Rafael Montero,RHP,NYM,False,,pitcher
2014,pipeline,https://www.mlb.com/news/2014-top-100-mlb-prospects-list-c301609478,86,Matt Barnes,RHP,BOS,False,,pitcher
2014,pipeline,https://www.mlb.com/news/2014-top-100-mlb-prospects-list-c301609478,87,Casey Kelly,RHP,SD,False,,pitcher
2014,pipeline,https://www.mlb.com/news/2014-top-100-mlb-prospects-list-c301609478,88,D.J. Peterson,3B,SEA,True,592637,matched
2014,pipeline,https://www.mlb.com/news/2014-top-100-mlb-prospects-list-c301609478,89,Arismendy Alcantara,SS/2B,CHC,True,570489,matched
2014,pipeline,https://www.mlb.com/news/2014-top-100-mlb-prospects-list-c301609478,90,José Berríos,RHP,MIN,False,,pitcher
2014,pipeline,https://www.mlb.com/news/2014-top-100-mlb-prospects-list-c301609478,91,Jorge Bonifacio,OF,KC,True,593528,matched
2014,pipeline,https://www.mlb.com/news/2014-top-100-mlb-prospects-list-c301609478,92,Joey Gallo,3B,TEX,True,608336,matched
2014,pipeline,https://www.mlb.com/news/2014-top-100-mlb-prospects-list-c301609478,93,Roberto Osuna,RHP,TOR,False,,pitcher
2014,pipeline,https://www.mlb.com/news/2014-top-100-mlb-prospects-list-c301609478,94,Taylor Guerrieri,RHP,TB,False,,pitcher
2014,pipeline,https://www.mlb.com/news/2014-top-100-mlb-prospects-list-c301609478,95,Edwin Escobar,LHP,SF,False,,pitcher
2014,pipeline,https://www.mlb.com/news/2014-top-100-mlb-prospects-list-c301609478,96,Trey Ball,LHP,BOS,False,,pitcher
2014,pipeline,https://www.mlb.com/news/2014-top-100-mlb-prospects-list-c301609478,97,Robbie Ray,LHP,DET,False,,pitcher
2014,pipeline,https://www.mlb.com/news/2014-top-100-mlb-prospects-list-c301609478,98,Stephen Piscotty,OF,STL,True,572039,matched
2014,pipeline,https://www.mlb.com/news/2014-top-100-mlb-prospects-list-c301609478,99,Rosell Herrera,SS,COL,True,594011,matched
2014,pipeline,https://www.mlb.com/news/2014-top-100-mlb-prospects-list-c301609478,100,Pierce Johnson,RHP,CHC,False,,pitcher
2015,pipeline,https://www.mlb.com/news/2015-top-100-mlb-prospects-list-c301609384,1,Byron Buxton,OF,MIN,True,621439,matched
2015,pipeline,https://www.mlb.com/news/2015-top-100-mlb-prospects-list-c301609384,2,Kris Bryant,3B,CHC,True,592178,matched
2015,pipeline,https://www.mlb.com/news/2015-top-100-mlb-prospects-list-c301609384,3,Carlos Correa,SS,HOU,True,621043,matched
2015,pipeline,https://www.mlb.com/news/2015-top-100-mlb-prospects-list-c301609384,4,Francisco Lindor,SS,CLE,True,596019,matched
2015,pipeline,https://www.mlb.com/news/2015-top-100-mlb-prospects-list-c301609384,5,Addison Russell,SS,CHC,True,608365,matched
2015,pipeline,https://www.mlb.com/news/2015-top-100-mlb-prospects-list-c301609384,6,Lucas Giolito,RHP,WAS,False,,pitcher
2015,pipeline,https://www.mlb.com/news/2015-top-100-mlb-prospects-list-c301609384,7,Corey Seager,SS,LAD,True,608369,matched
2015,pipeline,https://www.mlb.com/news/2015-top-100-mlb-prospects-list-c301609384,8,Julio Urías,LHP,LAD,False,,pitcher
2015,pipeline,https://www.mlb.com/news/2015-top-100-mlb-prospects-list-c301609384,9,Joey Gallo,3B,TEX,True,608336,matched
2015,pipeline,https://www.mlb.com/news/2015-top-100-mlb-prospects-list-c301609384,10,Noah Syndergaard,RHP,NYM,False,,pitcher
2015,pipeline,https://www.mlb.com/news/2015-top-100-mlb-prospects-list-c301609384,11,Miguel Sanó,3B,MIN,True,593934,matched
2015,pipeline,https://www.mlb.com/news/2015-top-100-mlb-prospects-list-c301609384,12,Tyler Glasnow,RHP,PIT,False,,pitcher
2015,pipeline,https://www.mlb.com/news/2015-top-100-mlb-prospects-list-c301609384,13,Joc Pederson,OF,LAD,True,592626,matched
2015,pipeline,https://www.mlb.com/news/2015-top-100-mlb-prospects-list-c301609384,14,Carlos Rodón,LHP,CWS,False,,pitcher
2015,pipeline,https://www.mlb.com/news/2015-top-100-mlb-prospects-list-c301609384,15,Archie Bradley,RHP,ARI,False,,pitcher
2015,pipeline,https://www.mlb.com/news/2015-top-100-mlb-prospects-list-c301609384,16,Jon Gray,RHP,COL,False,,pitcher
2015,pipeline,https://www.mlb.com/news/2015-top-100-mlb-prospects-list-c301609384,17,Daniel Norris,LHP,TOR,False,,pitcher
2015,pipeline,https://www.mlb.com/news/2015-top-100-mlb-prospects-list-c301609384,18,Blake Swihart,C,BOS,True,596119,matched
2015,pipeline,https://www.mlb.com/news/2015-top-100-mlb-prospects-list-c301609384,19,Henry Owens,LHP,BOS,False,,pitcher
2015,pipeline,https://www.mlb.com/news/2015-top-100-mlb-prospects-list-c301609384,20,Dylan Bundy,RHP,BAL,False,,pitcher
2015,pipeline,https://www.mlb.com/news/2015-top-100-mlb-prospects-list-c301609384,21,J.P. Crawford,SS,PHI,True,641487,matched
2015,pipeline,https://www.mlb.com/news/2015-top-100-mlb-prospects-list-c301609384,22,Jorge Soler,OF,CHC,True,624585,matched
2015,pipeline,https://www.mlb.com/news/2015-top-100-mlb-prospects-list-c301609384,23,Luis Severino,RHP,NYY,False,,pitcher
2015,pipeline,https://www.mlb.com/news/2015-top-100-mlb-prospects-list-c301609384,24,Robert Stephenson,RHP,CIN,False,,pitcher
2015,pipeline,https://www.mlb.com/news/2015-top-100-mlb-prospects-list-c301609384,25,Andrew Heaney,LHP,LAA,False,,pitcher
2015,pipeline,https://www.mlb.com/news/2015-top-100-mlb-prospects-list-c301609384,26,Jesse Winker,OF,CIN,True,608385,matched
2015,pipeline,https://www.mlb.com/news/2015-top-100-mlb-prospects-list-c301609384,27,Tyler Kolek,RHP,MIA,False,,pitcher
2015,pipeline,https://www.mlb.com/news/2015-top-100-mlb-prospects-list-c301609384,28,Alex Jackson,OF,SEA,True,656577,matched
2015,pipeline,https://www.mlb.com/news/2015-top-100-mlb-prospects-list-c301609384,29,Alex Meyer,RHP,MIN,False,,pitcher
2015,pipeline,https://www.mlb.com/news/2015-top-100-mlb-prospects-list-c301609384,30,Mark Appel,RHP,HOU,False,,pitcher
2015,pipeline,https://www.mlb.com/news/2015-top-100-mlb-prospects-list-c301609384,31,Jameson Taillon,RHP,PIT,False,,pitcher
2015,pipeline,https://www.mlb.com/news/2015-top-100-mlb-prospects-list-c301609384,32,José Berríos,RHP,MIN,False,,pitcher
2015,pipeline,https://www.mlb.com/news/2015-top-100-mlb-prospects-list-c301609384,33,Nick Gordon,SS,MIN,True,624503,matched
2015,pipeline,https://www.mlb.com/news/2015-top-100-mlb-prospects-list-c301609384,34,Josh Bell,1B,PIT,True,605137,matched
2015,pipeline,https://www.mlb.com/news/2015-top-100-mlb-prospects-list-c301609384,35,Eddie Butler,RHP,COL,False,,pitcher
2015,pipeline,https://www.mlb.com/news/2015-top-100-mlb-prospects-list-c301609384,36,Kohl Stewart,RHP,MIN,False,,pitcher
2015,pipeline,https://www.mlb.com/news/2015-top-100-mlb-prospects-list-c301609384,37,Aaron Nola,RHP,PHI,False,,pitcher
2015,pipeline,https://www.mlb.com/news/2015-top-100-mlb-prospects-list-c301609384,38,José Peraza,2B,ATL,True,606299,matched
2015,pipeline,https://www.mlb.com/news/2015-top-100-mlb-prospects-list-c301609384,39,Braden Shipley,RHP,ARI,False,,pitcher
2015,pipeline,https://www.mlb.com/news/2015-top-100-mlb-prospects-list-c301609384,40,Adalberto Mondesi,SS,KC,True,609275,matched
2015,pipeline,https://www.mlb.com/news/2015-top-100-mlb-prospects-list-c301609384,41,Hunter Harvey,RHP,BAL,False,,pitcher
2015,pipeline,https://www.mlb.com/news/2015-top-100-mlb-prospects-list-c301609384,42,Michael Taylor,OF,WAS,True,,ambiguous
2015,pipeline,https://www.mlb.com/news/2015-top-100-mlb-prospects-list-c301609384,43,Dalton Pompey,OF,TOR,True,592647,matched
2015,pipeline,https://www.mlb.com/news/2015-top-100-mlb-prospects-list-c301609384,44,Aaron Sanchez,RHP,TOR,False,,pitcher
2015,pipeline,https://www.mlb.com/news/2015-top-100-mlb-prospects-list-c301609384,45,Jorge Alfaro,C,TEX,True,595751,matched
2015,pipeline,https://www.mlb.com/news/2015-top-100-mlb-prospects-list-c301609384,46,Austin Meadows,OF,PIT,True,640457,matched
2015,pipeline,https://www.mlb.com/news/2015-top-100-mlb-prospects-list-c301609384,47,Carl Edwards Jr.,RHP,CHC,False,,pitcher
2015,pipeline,https://www.mlb.com/news/2015-top-100-mlb-prospects-list-c301609384,48,Hunter Renfroe,OF,SD,True,592669,matched
2015,pipeline,https://www.mlb.com/news/2015-top-100-mlb-prospects-list-c301609384,49,Kyle Schwarber,C,CHC,True,656941,matched
2015,pipeline,https://www.mlb.com/news/2015-top-100-mlb-prospects-list-c301609384,50,D.J. Peterson,3B,SEA,True,592637,matched
2015,pipeline,https://www.mlb.com/news/2015-top-100-mlb-prospects-list-c301609384,51,Austin Hedges,C,SD,True,595978,matched
2015,pipeline,https://www.mlb.com/news/2015-top-100-mlb-prospects-list-c301609384,52,A.J. Cole,RHP,WAS,False,,pitcher
2015,pipeline,https://www.mlb.com/news/2015-top-100-mlb-prospects-list-c301609384,53,Clint Frazier,OF,CLE,True,640449,matched
2015,pipeline,https://www.mlb.com/news/2015-top-100-mlb-prospects-list-c301609384,54,Nomar Mazara,OF,TEX,True,608577,matched
2015,pipeline,https://www.mlb.com/news/2015-top-100-mlb-prospects-list-c301609384,55,Maikel Franco,3B,PHI,True,596748,matched
2015,pipeline,https://www.mlb.com/news/2015-top-100-mlb-prospects-list-c301609384,56,Sean Manaea,LHP,KC,False,,pitcher
2015,pipeline,https://www.mlb.com/news/2015-top-100-mlb-prospects-list-c301609384,57,Albert Almora Jr.,OF,CHC,True,546991,matched
2015,pipeline,https://www.mlb.com/news/2015-top-100-mlb-prospects-list-c301609384,58,Kyle Zimmer,RHP,KC,False,,pitcher
2015,pipeline,https://www.mlb.com/news/2015-top-100-mlb-prospects-list-c301609384,59,David Dahl,OF,COL,True,621311,matched
2015,pipeline,https://www.mlb.com/news/2015-top-100-mlb-prospects-list-c301609384,60,Kyle Freeland,LHP,COL,False,,pitcher
2015,pipeline,https://www.mlb.com/news/2015-top-100-mlb-prospects-list-c301609384,61,Justin O'Conner,C,TB,True,,unmatched
2015,pipeline,https://www.mlb.com/news/2015-top-100-mlb-prospects-list-c301609384,62,Trea Turner,SS,SD,True,607208,matched
2015,pipeline,https://www.mlb.com/news/2015-top-100-mlb-prospects-list-c301609384,63,Kevin Plawecki,C,NYM,True,608700,matched
2015,pipeline,https://www.mlb.com/news/2015-top-100-mlb-prospects-list-c301609384,64,Reese McGuire,C,PIT,True,624512,matched
2015,pipeline,https://www.mlb.com/news/2015-top-100-mlb-prospects-list-c301609384,65,Daniel Robertson,SS,TB,True,621002,matched
2015,pipeline,https://www.mlb.com/news/2015-top-100-mlb-prospects-list-c301609384,66,Steven Matz,LHP,NYM,False,,pitcher
2015,pipeline,https://www.mlb.com/news/2015-top-100-mlb-prospects-list-c301609384,67,Sean Newcomb,LHP,LAA,False,,pitcher
2015,pipeline,https://www.mlb.com/news/2015-top-100-mlb-prospects-list-c301609384,68,Aaron Judge,OF,NYY,True,592450,matched
2015,pipeline,https://www.mlb.com/news/2015-top-100-mlb-prospects-list-c301609384,69,Matt Wisler,RHP,SD,False,,pitcher
2015,pipeline,https://www.mlb.com/news/2015-top-100-mlb-prospects-list-c301609384,70,J.T. Realmuto,C,MIA,True,592663,matched
2015,pipeline,https://www.mlb.com/news/2015-top-100-mlb-prospects-list-c301609384,71,Domingo Santana,OF,HOU,True,570267,matched
2015,pipeline,https://www.mlb.com/news/2015-top-100-mlb-prospects-list-c301609384,72,Brandon Nimmo,OF,NYM,True,607043,matched
2015,pipeline,https://www.mlb.com/news/2015-top-100-mlb-prospects-list-c301609384,73,Matt Olson,1B,OAK,True,621566,matched
2015,pipeline,https://www.mlb.com/news/2015-top-100-mlb-prospects-list-c301609384,74,Nick Kingham,RHP,PIT,False,,pitcher
2015,pipeline,https://www.mlb.com/news/2015-top-100-mlb-prospects-list-c301609384,75,Brandon Finnegan,LHP,KC,False,,pitcher
2015,pipeline,https://www.mlb.com/news/2015-top-100-mlb-prospects-list-c301609384,76,Tim Anderson,SS,CWS,True,641313,matched
2015,pipeline,https://www.mlb.com/news/2015-top-100-mlb-prospects-list-c301609384,77,Willy Adames,SS,TB,True,642715,matched
2015,pipeline,https://www.mlb.com/news/2015-top-100-mlb-prospects-list-c301609384,78,Mike Foltynewicz,RHP,ATL,False,,pitcher
2015,pipeline,https://www.mlb.com/news/2015-top-100-mlb-prospects-list-c301609384,79,Kyle Crick,RHP,SF,False,,pitcher
2015,pipeline,https://www.mlb.com/news/2015-top-100-mlb-prospects-list-c301609384,80,Jake Lamb,3B,ARI,True,571875,matched
2015,pipeline,https://www.mlb.com/news/2015-top-100-mlb-prospects-list-c301609384,81,Aaron Blair,RHP,ARI,False,,pitcher
2015,pipeline,https://www.mlb.com/news/2015-top-100-mlb-prospects-list-c301609384,82,Michael Conforto,OF,NYM,True,624424,matched
2015,pipeline,https://www.mlb.com/news/2015-top-100-mlb-prospects-list-c301609384,83,Jake Thompson,RHP,TEX,False,,pitcher
2015,pipeline,https://www.mlb.com/news/2015-top-100-mlb-prospects-list-c301609384,84,Miguel Almonte,RHP,KC,False,,pitcher
2015,pipeline,https://www.mlb.com/news/2015-top-100-mlb-prospects-list-c301609384,85,Franklin Barreto,SS,OAK,True,620439,matched
2015,pipeline,https://www.mlb.com/news/2015-top-100-mlb-prospects-list-c301609384,86,Vince Velasquez,RHP,HOU,False,,pitcher
2015,pipeline,https://www.mlb.com/news/2015-top-100-mlb-prospects-list-c301609384,87,Jeff Hoffman,RHP,TOR,False,,pitcher
2015,pipeline,https://www.mlb.com/news/2015-top-100-mlb-prospects-list-c301609384,88,Orlando Arcia,SS,MIL,True,606115,matched
2015,pipeline,https://www.mlb.com/news/2015-top-100-mlb-prospects-list-c301609384,89,Eduardo Rodriguez,LHP,BOS,False,,pitcher
2015,pipeline,https://www.mlb.com/news/2015-top-100-mlb-prospects-list-c301609384,90,Stephen Piscotty,OF,STL,True,572039,matched
2015,pipeline,https://www.mlb.com/news/2015-top-100-mlb-prospects-list-c301609384,91,Frankie Montas,RHP,CWS,False,,pitcher
2015,pipeline,https://www.mlb.com/news/2015-top-100-mlb-prospects-list-c301609384,92,Alen Hanson,SS,PIT,True,593700,matched
2015,pipeline,https://www.mlb.com/news/2015-top-100-mlb-prospects-list-c301609384,93,Christian Bethancourt,C,ATL,True,542194,matched
2015,pipeline,https://www.mlb.com/news/2015-top-100-mlb-prospects-list-c301609384,94,Lucas Sims,RHP,ATL,False,,pitcher
2015,pipeline,https://www.mlb.com/news/2015-top-100-mlb-prospects-list-c301609384,95,Grant Holmes,RHP,LAD,False,,pitcher
2015,pipeline,https://www.mlb.com/news/2015-top-100-mlb-prospects-list-c301609384,96,Rafael Devers,3B,BOS,True,646240,matched
2015,pipeline,https://www.mlb.com/news/2015-top-100-mlb-prospects-list-c301609384,97,Chi Chi González,RHP,TEX,False,,pitcher
2015,pipeline,https://www.mlb.com/news/2015-top-100-mlb-prospects-list-c301609384,98,Touki Toussaint,RHP,ARI,False,,pitcher
2015,pipeline,https://www.mlb.com/news/2015-top-100-mlb-prospects-list-c301609384,99,Manuel Margot,OF,BOS,True,622534,matched
2015,pipeline,https://www.mlb.com/news/2015-top-100-mlb-prospects-list-c301609384,100,Steven Moya,OF,DET,True,570615,matched
2016,pipeline,https://www.mlb.com/news/2016-top-100-mlb-prospects-list-c301608606,1,Corey Seager,SS,LAD,True,608369,matched
2016,pipeline,https://www.mlb.com/news/2016-top-100-mlb-prospects-list-c301608606,2,Byron Buxton,OF,MIN,True,621439,matched
2016,pipeline,https://www.mlb.com/news/2016-top-100-mlb-prospects-list-c301608606,3,Lucas Giolito,RHP,WAS,False,,pitcher
2016,pipeline,https://www.mlb.com/news/2016-top-100-mlb-prospects-list-c301608606,4,Julio Urías,LHP,LAD,False,,pitcher
2016,pipeline,https://www.mlb.com/news/2016-top-100-mlb-prospects-list-c301608606,5,J.P. Crawford,SS,PHi,True,641487,matched
2016,pipeline,https://www.mlb.com/news/2016-top-100-mlb-prospects-list-c301608606,6,Orlando Arcia,SS,MIL,True,606115,matched
2016,pipeline,https://www.mlb.com/news/2016-top-100-mlb-prospects-list-c301608606,7,Yoán Moncada,2B,BOS,True,660162,matched
2016,pipeline,https://www.mlb.com/news/2016-top-100-mlb-prospects-list-c301608606,8,Dansby Swanson,SS,ATL,True,621020,matched
2016,pipeline,https://www.mlb.com/news/2016-top-100-mlb-prospects-list-c301608606,9,Joey Gallo,3B,TEX,True,608336,matched
2016,pipeline,https://www.mlb.com/news/2016-top-100-mlb-prospects-list-c301608606,10,Tyler Glasnow,RHP,PIT,False,,pitcher
2016,pipeline,https://www.mlb.com/news/2016-top-100-mlb-prospects-list-c301608606,11,Trea Turner,SS,WAS,True,607208,matched
2016,pipeline,https://www.mlb.com/news/2016-top-100-mlb-prospects-list-c301608606,12,Brendan Rodgers,SS,COL,True,663898,matched
2016,pipeline,https://www.mlb.com/news/2016-top-100-mlb-prospects-list-c301608606,13,Alex Reyes,RHP,STL,False,,pitcher
2016,pipeline,https://www.mlb.com/news/2016-top-100-mlb-prospects-list-c301608606,14,Blake Snell,LHP,TB,False,,pitcher
2016,pipeline,https://www.mlb.com/news/2016-top-100-mlb-prospects-list-c301608606,15,Steven Matz,LHP,NYM,False,,pitcher
2016,pipeline,https://www.mlb.com/news/2016-top-100-mlb-prospects-list-c301608606,16,Lewis Brinson,OF,TEX,True,621446,matched
2016,pipeline,https://www.mlb.com/news/2016-top-100-mlb-prospects-list-c301608606,17,Rafael Devers,3B,BOS,True,646240,matched
2016,pipeline,https://www.mlb.com/news/2016-top-100-mlb-prospects-list-c301608606,18,Nomar Mazara,OF,TEX,True,608577,matched
2016,pipeline,https://www.mlb.com/news/2016-top-100-mlb-prospects-list-c301608606,19,José Berríos,RHP,MIN,False,,pitcher
2016,pipeline,https://www.mlb.com/news/2016-top-100-mlb-prospects-list-c301608606,20,Austin Meadows,OF,PIT,True,640457,matched
2016,pipeline,https://www.mlb.com/news/2016-top-100-mlb-prospects-list-c301608606,21,Sean Newcomb,LHP,ATL,False,,pitcher
2016,pipeline,https://www.mlb.com/news/2016-top-100-mlb-prospects-list-c301608606,22,Alex Bregman,SS,HOU,True,608324,matched
2016,pipeline,https://www.mlb.com/news/2016-top-100-mlb-prospects-list-c301608606,23,Franklin Barreto,SS,OAK,True,620439,matched
2016,pipeline,https://www.mlb.com/news/2016-top-100-mlb-prospects-list-c301608606,24,José De León,RHP,LAD,False,,pitcher
2016,pipeline,https://www.mlb.com/news/2016-top-100-mlb-prospects-list-c301608606,25,Andrew Benintendi,OF,BOS,True,643217,matched
2016,pipeline,https://www.mlb.com/news/2016-top-100-mlb-prospects-list-c301608606,26,Bradley Zimmer,OF,CLE,True,605548,matched
2016,pipeline,https://www.mlb.com/news/2016-top-100-mlb-prospects-list-c301608606,27,Clint Frazier,OF,CLE,True,640449,matched
2016,pipeline,https://www.mlb.com/news/2016-top-100-mlb-prospects-list-c301608606,28,Gleyber Torres,SS,CHC,True,650402,matched
2016,pipeline,https://www.mlb.com/news/2016-top-100-mlb-prospects-list-c301608606,29,Ozzie Albies,SS,ATL,True,645277,matched
2016,pipeline,https://www.mlb.com/news/2016-top-100-mlb-prospects-list-c301608606,30,Jorge Mateo,SS,NYY,True,622761,matched
2016,pipeline,https://www.mlb.com/news/2016-top-100-mlb-prospects-list-c301608606,31,Aaron Judge,OF,NYY,True,592450,matched
2016,pipeline,https://www.mlb.com/news/2016-top-100-mlb-prospects-list-c301608606,32,Brett Phillips,OF,MIL,True,,unmatched
2016,pipeline,https://www.mlb.com/news/2016-top-100-mlb-prospects-list-c301608606,33,Jon Gray,RHP,COL,False,,pitcher
2016,pipeline,https://www.mlb.com/news/2016-top-100-mlb-prospects-list-c301608606,34,Jesse Winker,OF,CIN,True,608385,matched
2016,pipeline,https://www.mlb.com/news/2016-top-100-mlb-prospects-list-c301608606,35,Robert Stephenson,RHP,CIN,False,,pitcher
2016,pipeline,https://www.mlb.com/news/2016-top-100-mlb-prospects-list-c301608606,36,Dillon Tate,RHP,TEX,False,,pitcher
2016,pipeline,https://www.mlb.com/news/2016-top-100-mlb-prospects-list-c301608606,37,Raul Mondesi,SS,KC,True,,unmatched
2016,pipeline,https://www.mlb.com/news/2016-top-100-mlb-prospects-list-c301608606,38,Carson Fulmer,RHP,CWS,False,,pitcher
2016,pipeline,https://www.mlb.com/news/2016-top-100-mlb-prospects-list-c301608606,39,Anderson Espinoza,RHP,BOS,False,,pitcher
2016,pipeline,https://www.mlb.com/news/2016-top-100-mlb-prospects-list-c301608606,40,AJ Reed,1B,HOU,True,607223,matched
2016,pipeline,https://www.mlb.com/news/2016-top-100-mlb-prospects-list-c301608606,41,Francis Martes,RHP,HOU,False,,pitcher
2016,pipeline,https://www.mlb.com/news/2016-top-100-mlb-prospects-list-c301608606,42,Anthony Alford,OF,TOR,True,546990,matched
2016,pipeline,https://www.mlb.com/news/2016-top-100-mlb-prospects-list-c301608606,43,Brent Honeywell,RHP,TB,False,,pitcher
2016,pipeline,https://www.mlb.com/news/2016-top-100-mlb-prospects-list-c301608606,44,Max Kepler,OF/1B,MIN,True,596146,matched
2016,pipeline,https://www.mlb.com/news/2016-top-100-mlb-prospects-list-c301608606,45,Manuel Margot,OF,SD,True,622534,matched
2016,pipeline,https://www.mlb.com/news/2016-top-100-mlb-prospects-list-c301608606,46,David Dahl,OF,COL,True,621311,matched
2016,pipeline,https://www.mlb.com/news/2016-top-100-mlb-prospects-list-c301608606,47,Tim Anderson,SS,CWS,True,641313,matched
2016,pipeline,https://www.mlb.com/news/2016-top-100-mlb-prospects-list-c301608606,48,Ryan McMahon,3B,COL,True,641857,matched
2016,pipeline,https://www.mlb.com/news/2016-top-100-mlb-prospects-list-c301608606,49,Josh Bell,1B,PIT,True,605137,matched
2016,pipeline,https://www.mlb.com/news/2016-top-100-mlb-prospects-list-c301608606,50,Willson Contreras,C,CHC,True,575929,matched
2016,pipeline,https://www.mlb.com/news/2016-top-100-mlb-prospects-list-c301608606,51,Dominic Smith,1B,NYM,True,642086,matched
2016,pipeline,https://www.mlb.com/news/2016-top-100-mlb-prospects-list-c301608606,52,Jeff Hoffman,RHP,COL,False,,pitcher
2016,pipeline,https://www.mlb.com/news/2016-top-100-mlb-prospects-list-c301608606,53,Michael Fulmer,RHP,DET,False,,pitcher
2016,pipeline,https://www.mlb.com/news/2016-top-100-mlb-prospects-list-c301608606,54,Jameson Taillon,RHP,PIT,False,,pitcher
2016,pipeline,https://www.mlb.com/news/2016-top-100-mlb-prospects-list-c301608606,55,Jake Thompson,RHP,PHI,False,,pitcher
2016,pipeline,https://www.mlb.com/news/2016-top-100-mlb-prospects-list-c301608606,56,Aaron Blair,RHP,ATL,False,,pitcher
2016,pipeline,https://www.mlb.com/news/2016-top-100-mlb-prospects-list-c301608606,57,Jorge Lopez,RHP,PHI,False,,pitcher
2016,pipeline,https://www.mlb.com/news/2016-top-100-mlb-prospects-list-c301608606,58,Javy Guerra,SS,SD,True,,unmatched
2016,pipeline,https://www.mlb.com/news/2016-top-100-mlb-prospects-list-c301608606,59,Gary Sánchez,C,NYY,True,596142,matched
2016,pipeline,https://www.mlb.com/news/2016-top-100-mlb-prospects-list-c301608606,60,Tyler Jay,LHP,MIN,False,,pitcher
2016,pipeline,https://www.mlb.com/news/2016-top-100-mlb-prospects-list-c301608606,61,Josh Hader,LHP,MIL,False,,pitcher
2016,pipeline,https://www.mlb.com/news/2016-top-100-mlb-prospects-list-c301608606,62,Grant Holmes,RHP,LAD,False,,pitcher
2016,pipeline,https://www.mlb.com/news/2016-top-100-mlb-prospects-list-c301608606,63,Victor Robles,OF,WAS,True,645302,matched
2016,pipeline,https://www.mlb.com/news/2016-top-100-mlb-prospects-list-c301608606,64,Nick Williams,OF,PHI,True,608384,matched
2016,pipeline,https://www.mlb.com/news/2016-top-100-mlb-prospects-list-c301608606,65,Kyle Zimmer,RHP,KC,False,,pitcher
2016,pipeline,https://www.mlb.com/news/2016-top-100-mlb-prospects-list-c301608606,66,Cody Reed,LHP,CIN,False,,pitcher
2016,pipeline,https://www.mlb.com/news/2016-top-100-mlb-prospects-list-c301608606,67,Braden Shipley,RHP,ARI,False,,pitcher
2016,pipeline,https://www.mlb.com/news/2016-top-100-mlb-prospects-list-c301608606,68,Sean Manaea,LHP,OAK,False,,pitcher
2016,pipeline,https://www.mlb.com/news/2016-top-100-mlb-prospects-list-c301608606,69,Amir Garrett,LHP,CIN,False,,pitcher
2016,pipeline,https://www.mlb.com/news/2016-top-100-mlb-prospects-list-c301608606,70,Mark Appel,RHP,PHI,False,,pitcher
2016,pipeline,https://www.mlb.com/news/2016-top-100-mlb-prospects-list-c301608606,71,Jose Peraza,2B,CIN,True,606299,matched
2016,pipeline,https://www.mlb.com/news/2016-top-100-mlb-prospects-list-c301608606,72,Archie Bradley,RHP,ARI,False,,pitcher
2016,pipeline,https://www.mlb.com/news/2016-top-100-mlb-prospects-list-c301608606,73,Luis Ortiz,RHP,TEX,False,,pitcher
2016,pipeline,https://www.mlb.com/news/2016-top-100-mlb-prospects-list-c301608606,74,Kyle Tucker,OF,HOU,True,663656,matched
2016,pipeline,https://www.mlb.com/news/2016-top-100-mlb-prospects-list-c301608606,75,Daz Cameron,OF,HOU,True,663662,matched
2016,pipeline,https://www.mlb.com/news/2016-top-100-mlb-prospects-list-c301608606,76,Ian Happ,2B/OF,CHC,True,664023,matched
2016,pipeline,https://www.mlb.com/news/2016-top-100-mlb-prospects-list-c301608606,77,Duane Underwood Jr.,RHP,CHC,False,,pitcher
2016,pipeline,https://www.mlb.com/news/2016-top-100-mlb-prospects-list-c301608606,78,Erick Fedde,RHP,WAS,False,,pitcher
2016,pipeline,https://www.mlb.com/news/2016-top-100-mlb-prospects-list-c301608606,79,Amed Rosario,SS,NYM,True,642708,matched
2016,pipeline,https://www.mlb.com/news/2016-top-100-mlb-prospects-list-c301608606,80,Jack Flaherty,RHP,STL,False,,pitcher
2016,pipeline,https://www.mlb.com/news/2016-top-100-mlb-prospects-list-c301608606,81,Willy Adames,SS,TB,True,642715,matched
2016,pipeline,https://www.mlb.com/news/2016-top-100-mlb-prospects-list-c301608606,82,Christian Arroyo,SS/2B,SF,True,624414,matched
2016,pipeline,https://www.mlb.com/news/2016-top-100-mlb-prospects-list-c301608606,83,Trent Grisham,OF,MIL,True,663757,matched
2016,pipeline,https://www.mlb.com/news/2016-top-100-mlb-prospects-list-c301608606,84,Cornelius Randolph,OF,PHI,True,663524,matched
2016,pipeline,https://www.mlb.com/news/2016-top-100-mlb-prospects-list-c301608606,85,Hunter Harvey,RHP,BAL,False,,pitcher
2016,pipeline,https://www.mlb.com/news/2016-top-100-mlb-prospects-list-c301608606,86,Albert Almora Jr.,OF,CHC,True,546991,matched
2016,pipeline,https://www.mlb.com/news/2016-top-100-mlb-prospects-list-c301608606,87,Gavin Cecchini,SS,NYM,True,608325,matched
2016,pipeline,https://www.mlb.com/news/2016-top-100-mlb-prospects-list-c301608606,88,Billy McKinney,OF,CHC,True,641856,matched
2016,pipeline,https://www.mlb.com/news/2016-top-100-mlb-prospects-list-c301608606,89,Kolby Allard,LHP,ATL,False,,pitcher
2016,pipeline,https://www.mlb.com/news/2016-top-100-mlb-prospects-list-c301608606,90,Forrest Wall,2B,COL,True,657088,matched
2016,pipeline,https://www.mlb.com/news/2016-top-100-mlb-prospects-list-c301608606,91,Nick Gordon,SS,MIN,True,624503,matched
2016,pipeline,https://www.mlb.com/news/2016-top-100-mlb-prospects-list-c301608606,92,Hunter Renfroe,OF,SD,True,592669,matched
2016,pipeline,https://www.mlb.com/news/2016-top-100-mlb-prospects-list-c301608606,93,Bobby Bradley,1B,CLE,True,656252,matched
2016,pipeline,https://www.mlb.com/news/2016-top-100-mlb-prospects-list-c301608606,94,Alex Jackson,OF,SEA,True,656577,matched
2016,pipeline,https://www.mlb.com/news/2016-top-100-mlb-prospects-list-c301608606,95,Frankie Montas,RHP,LAD,False,,pitcher
2016,pipeline,https://www.mlb.com/news/2016-top-100-mlb-prospects-list-c301608606,96,Jorge Alfaro,C/1B,PHI,True,595751,matched
2016,pipeline,https://www.mlb.com/news/2016-top-100-mlb-prospects-list-c301608606,97,Jorge Polanco,SS,MN,True,593871,matched
2016,pipeline,https://www.mlb.com/news/2016-top-100-mlb-prospects-list-c301608606,98,Reese McGuire,C,PIT,True,624512,matched
2016,pipeline,https://www.mlb.com/news/2016-top-100-mlb-prospects-list-c301608606,99,Roman Quinn,OF,PHI,True,596451,matched
2016,pipeline,https://www.mlb.com/news/2016-top-100-mlb-prospects-list-c301608606,100,Matt Olson,1B,OAK,True,621566,matched
2017,pipeline,https://www.mlb.com/news/2017-top-100-mlb-prospects-list-c301608460,1,Andrew Benintendi,OF,BOS,True,643217,matched
2017,pipeline,https://www.mlb.com/news/2017-top-100-mlb-prospects-list-c301608460,2,Yoán Moncada,2B,CWS,True,660162,matched
2017,pipeline,https://www.mlb.com/news/2017-top-100-mlb-prospects-list-c301608460,3,Gleyber Torres,SS,NYY,True,650402,matched
2017,pipeline,https://www.mlb.com/news/2017-top-100-mlb-prospects-list-c301608460,4,Dansby Swanson,SS,ATL,True,621020,matched
2017,pipeline,https://www.mlb.com/news/2017-top-100-mlb-prospects-list-c301608460,5,Amed Rosario,SS,NYM,True,642708,matched
2017,pipeline,https://www.mlb.com/news/2017-top-100-mlb-prospects-list-c301608460,6,Alex Reyes,RHP,STL,False,,pitcher
2017,pipeline,https://www.mlb.com/news/2017-top-100-mlb-prospects-list-c301608460,7,J.P. Crawford,SS,PHI,True,641487,matched
2017,pipeline,https://www.mlb.com/news/2017-top-100-mlb-prospects-list-c301608460,8,Victor Robles,OF,WAS,True,645302,matched
2017,pipeline,https://www.mlb.com/news/2017-top-100-mlb-prospects-list-c301608460,9,Tyler Glasnow,RHP,PIT,False,,pitcher
2017,pipeline,https://www.mlb.com/news/2017-top-100-mlb-prospects-list-c301608460,10,Austin Meadows,OF,PIT,True,640457,matched
2017,pipeline,https://www.mlb.com/news/2017-top-100-mlb-prospects-list-c301608460,11,Ozzie Albies,2B/SS,ATL,True,645277,matched
2017,pipeline,https://www.mlb.com/news/2017-top-100-mlb-prospects-list-c301608460,12,Lucas Giolito,RHP,CWS,False,,pitcher
2017,pipeline,https://www.mlb.com/news/2017-top-100-mlb-prospects-list-c301608460,13,Cody Bellinger,1B/OF,LAD,True,641355,matched
2017,pipeline,https://www.mlb.com/news/2017-top-100-mlb-prospects-list-c301608460,14,Eloy Jiménez,OF,CHC,True,650391,matched
2017,pipeline,https://www.mlb.com/news/2017-top-100-mlb-prospects-list-c301608460,15,Brendan Rodgers,SS/2B,COL,True,663898,matched
2017,pipeline,https://www.mlb.com/news/2017-top-100-mlb-prospects-list-c301608460,16,Michael Kopech,RHP,CWS,False,,pitcher
2017,pipeline,https://www.mlb.com/news/2017-top-100-mlb-prospects-list-c301608460,17,Rafael Devers,3B,BOS,True,646240,matched
2017,pipeline,https://www.mlb.com/news/2017-top-100-mlb-prospects-list-c301608460,18,Lewis Brinson,OF,MIL,True,621446,matched
2017,pipeline,https://www.mlb.com/news/2017-top-100-mlb-prospects-list-c301608460,19,Mickey Moniak,OF,PHI,True,666160,matched
2017,pipeline,https://www.mlb.com/news/2017-top-100-mlb-prospects-list-c301608460,20,Francis Martes,RHP,HOU,False,,pitcher
2017,pipeline,https://www.mlb.com/news/2017-top-100-mlb-prospects-list-c301608460,21,Willy Adames,SS,TB,True,642715,matched
2017,pipeline,https://www.mlb.com/news/2017-top-100-mlb-prospects-list-c301608460,22,Bradley Zimmer,OF,CLE,True,605548,matched
2017,pipeline,https://www.mlb.com/news/2017-top-100-mlb-prospects-list-c301608460,23,Manuel Margot,OF,SD,True,622534,matched
2017,pipeline,https://www.mlb.com/news/2017-top-100-mlb-prospects-list-c301608460,24,Clint Frazier,OF,NYY,True,640449,matched
2017,pipeline,https://www.mlb.com/news/2017-top-100-mlb-prospects-list-c301608460,25,Anderson Espinoza,RHP,SD,False,,pitcher
2017,pipeline,https://www.mlb.com/news/2017-top-100-mlb-prospects-list-c301608460,26,Nick Senzel,3B,CIN,True,669222,matched
2017,pipeline,https://www.mlb.com/news/2017-top-100-mlb-prospects-list-c301608460,27,Josh Bell,1B/OF,PIT,True,605137,matched
2017,pipeline,https://www.mlb.com/news/2017-top-100-mlb-prospects-list-c301608460,28,Ian Happ,2B/OF,CHC,True,664023,matched
2017,pipeline,https://www.mlb.com/news/2017-top-100-mlb-prospects-list-c301608460,29,Kyle Lewis,OF,SEA,True,641786,matched
2017,pipeline,https://www.mlb.com/news/2017-top-100-mlb-prospects-list-c301608460,30,Corey Ray,OF,MIL,True,641999,matched
2017,pipeline,https://www.mlb.com/news/2017-top-100-mlb-prospects-list-c301608460,31,Brent Honeywell,RHP,TB,False,,pitcher
2017,pipeline,https://www.mlb.com/news/2017-top-100-mlb-prospects-list-c301608460,32,Kevin Maitan,SS,ATL,True,,unmatched
2017,pipeline,https://www.mlb.com/news/2017-top-100-mlb-prospects-list-c301608460,33,José De León,RHP,TB,False,,pitcher
2017,pipeline,https://www.mlb.com/news/2017-top-100-mlb-prospects-list-c301608460,34,Vladimir Guerrero Jr.,3B,TOR,True,665489,matched
2017,pipeline,https://www.mlb.com/news/2017-top-100-mlb-prospects-list-c301608460,35,Kyle Tucker,OF,HOU,True,663656,matched
2017,pipeline,https://www.mlb.com/news/2017-top-100-mlb-prospects-list-c301608460,36,Tyler O'Neill,OF,SEA,True,641933,matched
2017,pipeline,https://www.mlb.com/news/2017-top-100-mlb-prospects-list-c301608460,37,Blake Rutherford,OF,NYY,True,666164,matched
2017,pipeline,https://www.mlb.com/news/2017-top-100-mlb-prospects-list-c301608460,38,Josh Hader,LHP,MIL,False,,pitcher
2017,pipeline,https://www.mlb.com/news/2017-top-100-mlb-prospects-list-c301608460,39,Carson Kelly,C,STL,True,608348,matched
2017,pipeline,https://www.mlb.com/news/2017-top-100-mlb-prospects-list-c301608460,40,Francisco Mejía,C,CLE,True,642336,matched
2017,pipeline,https://www.mlb.com/news/2017-top-100-mlb-prospects-list-c301608460,41,Jay Groome,LHP,BOS,False,,pitcher
2017,pipeline,https://www.mlb.com/news/2017-top-100-mlb-prospects-list-c301608460,42,Hunter Renfroe,OF,SD,True,592669,matched
2017,pipeline,https://www.mlb.com/news/2017-top-100-mlb-prospects-list-c301608460,43,Braxton Garrett,LHP,MIA,False,,pitcher
2017,pipeline,https://www.mlb.com/news/2017-top-100-mlb-prospects-list-c301608460,44,Jeff Hoffman,RHP,COL,False,,pitcher
2017,pipeline,https://www.mlb.com/news/2017-top-100-mlb-prospects-list-c301608460,45,Reynaldo López,RHP,CWS,False,,pitcher
2017,pipeline,https://www.mlb.com/news/2017-top-100-mlb-prospects-list-c301608460,46,Aaron Judge,OF,NYY,True,592450,matched
2017,pipeline,https://www.mlb.com/news/2017-top-100-mlb-prospects-list-c301608460,47,Jorge Mateo,SS/2B,NYY,True,622761,matched
2017,pipeline,https://www.mlb.com/news/2017-top-100-mlb-prospects-list-c301608460,48,Mitch Keller,RHP,PIT,False,,pitcher
2017,pipeline,https://www.mlb.com/news/2017-top-100-mlb-prospects-list-c301608460,49,Yadier Alvarez,RHP,LAD,False,,pitcher
2017,pipeline,https://www.mlb.com/news/2017-top-100-mlb-prospects-list-c301608460,50,Nick Gordon,SS,MIN,True,624503,matched
2017,pipeline,https://www.mlb.com/news/2017-top-100-mlb-prospects-list-c301608460,51,Riley Pint,RHP,COL,False,,pitcher
2017,pipeline,https://www.mlb.com/news/2017-top-100-mlb-prospects-list-c301608460,52,Franklin Barreto,SS/2B,OAK,True,620439,matched
2017,pipeline,https://www.mlb.com/news/2017-top-100-mlb-prospects-list-c301608460,53,Kolby Allard,LHP,ATL,False,,pitcher
2017,pipeline,https://www.mlb.com/news/2017-top-100-mlb-prospects-list-c301608460,54,David Paulino,RHP,HOU,False,,pitcher
2017,pipeline,https://www.mlb.com/news/2017-top-100-mlb-prospects-list-c301608460,55,Leody Taveras,OF,TEX,True,665750,matched
2017,pipeline,https://www.mlb.com/news/2017-top-100-mlb-prospects-list-c301608460,56,Yohander Méndez,LHP,TEX,False,,pitcher
2017,pipeline,https://www.mlb.com/news/2017-top-100-mlb-prospects-list-c301608460,57,Triston McKenzie,RHP,CLE,False,,pitcher
2017,pipeline,https://www.mlb.com/news/2017-top-100-mlb-prospects-list-c301608460,58,James Kaprielian,RHP,NYY,False,,pitcher
2017,pipeline,https://www.mlb.com/news/2017-top-100-mlb-prospects-list-c301608460,59,Kevin Newman,SS,PIT,True,621028,matched
2017,pipeline,https://www.mlb.com/news/2017-top-100-mlb-prospects-list-c301608460,60,Erick Fedde,RHP,WAS,False,,pitcher
2017,pipeline,https://www.mlb.com/news/2017-top-100-mlb-prospects-list-c301608460,61,Alex Verdugo,OF,LAD,True,657077,matched
2017,pipeline,https://www.mlb.com/news/2017-top-100-mlb-prospects-list-c301608460,62,Luis Ortiz,RHP,MIL,False,,pitcher
2017,pipeline,https://www.mlb.com/news/2017-top-100-mlb-prospects-list-c301608460,63,Dominic Smith,1B,NYM,True,642086,matched
2017,pipeline,https://www.mlb.com/news/2017-top-100-mlb-prospects-list-c301608460,64,Sean Reid-Foley,RHP,TOR,False,,pitcher
2017,pipeline,https://www.mlb.com/news/2017-top-100-mlb-prospects-list-c301608460,65,Isan Diaz,SS/2B,MIL,True,656371,matched
2017,pipeline,https://www.mlb.com/news/2017-top-100-mlb-prospects-list-c301608460,66,Amir Garrett,LHP,CIN,False,,pitcher
2017,pipeline,https://www.mlb.com/news/2017-top-100-mlb-prospects-list-c301608460,67,Jesse Winker,OF,CIN,True,608385,matched
2017,pipeline,https://www.mlb.com/news/2017-top-100-mlb-prospects-list-c301608460,68,Luke Weaver,RHP,STL,False,,pitcher
2017,pipeline,https://www.mlb.com/news/2017-top-100-mlb-prospects-list-c301608460,69,A.J. Puk,LHP,OAK,False,,pitcher
2017,pipeline,https://www.mlb.com/news/2017-top-100-mlb-prospects-list-c301608460,70,Anthony Alford,OF,TOR,True,546990,matched
2017,pipeline,https://www.mlb.com/news/2017-top-100-mlb-prospects-list-c301608460,71,Carson Fulmer,RHP,CWS,False,,pitcher
2017,pipeline,https://www.mlb.com/news/2017-top-100-mlb-prospects-list-c301608460,72,Jorge Alfaro,C,PHI,True,595751,matched
2017,pipeline,https://www.mlb.com/news/2017-top-100-mlb-prospects-list-c301608460,73,German Márquez,RHP,COL,False,,pitcher
2017,pipeline,https://www.mlb.com/news/2017-top-100-mlb-prospects-list-c301608460,74,Matt Manning,RHP,DET,False,,pitcher
2017,pipeline,https://www.mlb.com/news/2017-top-100-mlb-prospects-list-c301608460,75,Jake Bauers,OF/1B,TB,True,641343,matched
2017,pipeline,https://www.mlb.com/news/2017-top-100-mlb-prospects-list-c301608460,76,Albert Almora Jr.,OF,CHC,True,546991,matched
2017,pipeline,https://www.mlb.com/news/2017-top-100-mlb-prospects-list-c301608460,77,Dylan Cease,RHP,CHC,False,,pitcher
2017,pipeline,https://www.mlb.com/news/2017-top-100-mlb-prospects-list-c301608460,78,Mike Soroka,RHP,ATL,False,,pitcher
2017,pipeline,https://www.mlb.com/news/2017-top-100-mlb-prospects-list-c301608460,79,Justus Sheffield,LHP,NYY,False,,pitcher
2017,pipeline,https://www.mlb.com/news/2017-top-100-mlb-prospects-list-c301608460,80,Sean Newcomb,LHP,ATL,False,,pitcher
2017,pipeline,https://www.mlb.com/news/2017-top-100-mlb-prospects-list-c301608460,81,Zack Collins,C,CWS,True,641470,matched
2017,pipeline,https://www.mlb.com/news/2017-top-100-mlb-prospects-list-c301608460,82,Willie Calhoun,2B,LAD,True,641432,matched
2017,pipeline,https://www.mlb.com/news/2017-top-100-mlb-prospects-list-c301608460,83,Derek Fisher,OF,HOU,True,605233,matched
2017,pipeline,https://www.mlb.com/news/2017-top-100-mlb-prospects-list-c301608460,84,Forrest Whitley,RHP,HOU,False,,pitcher
2017,pipeline,https://www.mlb.com/news/2017-top-100-mlb-prospects-list-c301608460,85,Grant Holmes,RHP,OAK,False,,pitcher
2017,pipeline,https://www.mlb.com/news/2017-top-100-mlb-prospects-list-c301608460,86,Ian Anderson,RHP,ATL,False,,pitcher
2017,pipeline,https://www.mlb.com/news/2017-top-100-mlb-prospects-list-c301608460,87,Robert Stephenson,RHP,CIN,False,,pitcher
2017,pipeline,https://www.mlb.com/news/2017-top-100-mlb-prospects-list-c301608460,88,Tyler Beede,RHP,SF,False,,pitcher
2017,pipeline,https://www.mlb.com/news/2017-top-100-mlb-prospects-list-c301608460,89,Christian Arroyo,INF,SF,True,624414,matched
2017,pipeline,https://www.mlb.com/news/2017-top-100-mlb-prospects-list-c301608460,90,Raimel Tapia,OF,COL,True,606132,matched
2017,pipeline,https://www.mlb.com/news/2017-top-100-mlb-prospects-list-c301608460,91,Delvin Perez,SS,STL,True,666206,matched
2017,pipeline,https://www.mlb.com/news/2017-top-100-mlb-prospects-list-c301608460,92,Stephen Gonsalves,RHP,MIN,False,,pitcher
2017,pipeline,https://www.mlb.com/news/2017-top-100-mlb-prospects-list-c301608460,93,Walker Buehler,RHP,LAD,False,,pitcher
2017,pipeline,https://www.mlb.com/news/2017-top-100-mlb-prospects-list-c301608460,94,Richard Ureña,SS,TOR,True,620446,matched
2017,pipeline,https://www.mlb.com/news/2017-top-100-mlb-prospects-list-c301608460,95,Bobby Bradley,1B,CLE,True,656252,matched
2017,pipeline,https://www.mlb.com/news/2017-top-100-mlb-prospects-list-c301608460,96,Jeimer Candelario,3B/1B,CHC,True,600869,matched
2017,pipeline,https://www.mlb.com/news/2017-top-100-mlb-prospects-list-c301608460,97,Cal Quantrill,RHP,SD,False,,pitcher
2017,pipeline,https://www.mlb.com/news/2017-top-100-mlb-prospects-list-c301608460,98,Alex Kirilloff,OF,MIN,True,666135,matched
2017,pipeline,https://www.mlb.com/news/2017-top-100-mlb-prospects-list-c301608460,99,Chance Sisco,C,BAL,True,642082,matched
2017,pipeline,https://www.mlb.com/news/2017-top-100-mlb-prospects-list-c301608460,100,Matt Chapman,3B/SS,OAK,True,656305,matched
2018,pipeline,https://www.mlb.com/news/2018-top-100-mlb-prospects-list-c301606192,1,Shohei Ohtani,RHP/OF,LAA,True,,unmatched
2018,pipeline,https://www.mlb.com/news/2018-top-100-mlb-prospects-list-c301606192,2,Ronald Acuña Jr.,OF,ATL,True,660670,matched
2018,pipeline,https://www.mlb.com/news/2018-top-100-mlb-prospects-list-c301606192,3,Vladimir Guerrero Jr.,3B,TOR,True,665489,matched
2018,pipeline,https://www.mlb.com/news/2018-top-100-mlb-prospects-list-c301606192,4,Eloy Jimenez,OF,CWS,True,650391,matched
2018,pipeline,https://www.mlb.com/news/2018-top-100-mlb-prospects-list-c301606192,5,Gleyber Torres,INF,NYY,True,650402,matched
2018,pipeline,https://www.mlb.com/news/2018-top-100-mlb-prospects-list-c301606192,6,Victor Robles,OF,WAS,True,645302,matched
2018,pipeline,https://www.mlb.com/news/2018-top-100-mlb-prospects-list-c301606192,7,Nick Senzel,3B,CIN,True,669222,matched
2018,pipeline,https://www.mlb.com/news/2018-top-100-mlb-prospects-list-c301606192,8,Fernando Tatis Jr.,SS,SD,True,665487,matched
2018,pipeline,https://www.mlb.com/news/2018-top-100-mlb-prospects-list-c301606192,9,Forrest Whitley,RHP,HOU,False,,pitcher
2018,pipeline,https://www.mlb.com/news/2018-top-100-mlb-prospects-list-c301606192,10,Michael Kopech,RHP,CWS,False,,pitcher
2018,pipeline,https://www.mlb.com/news/2018-top-100-mlb-prospects-list-c301606192,11,Francisco Mejía,C,CLE,True,642336,matched
2018,pipeline,https://www.mlb.com/news/2018-top-100-mlb-prospects-list-c301606192,12,Brent Honeywell,RHP,TB,False,,pitcher
2018,pipeline,https://www.mlb.com/news/2018-top-100-mlb-prospects-list-c301606192,13,Walker Buehler,RHP,LAD,False,,pitcher
2018,pipeline,https://www.mlb.com/news/2018-top-100-mlb-prospects-list-c301606192,14,Bo Bichette,SS/2B,TOR,True,666182,matched
2018,pipeline,https://www.mlb.com/news/2018-top-100-mlb-prospects-list-c301606192,15,Brendan Rodgers,SS/2B,COL,True,663898,matched
2018,pipeline,https://www.mlb.com/news/2018-top-100-mlb-prospects-list-c301606192,16,Mitch Keller,RHP,PIT,False,,pitcher
2018,pipeline,https://www.mlb.com/news/2018-top-100-mlb-prospects-list-c301606192,17,Kyle Tucker,OF,HOU,True,663656,matched
2018,pipeline,https://www.mlb.com/news/2018-top-100-mlb-prospects-list-c301606192,18,Alex Reyes,RHP,STL,False,,pitcher
2018,pipeline,https://www.mlb.com/news/2018-top-100-mlb-prospects-list-c301606192,19,MacKenzie Gore,LHP,SD,False,,pitcher
2018,pipeline,https://www.mlb.com/news/2018-top-100-mlb-prospects-list-c301606192,20,Royce Lewis,SS,MIN,True,668904,matched
2018,pipeline,https://www.mlb.com/news/2018-top-100-mlb-prospects-list-c301606192,21,Hunter Greene,RHP,CIN,False,,pitcher
2018,pipeline,https://www.mlb.com/news/2018-top-100-mlb-prospects-list-c301606192,22,Willy Adames,SS/2B,TB,True,642715,matched
2018,pipeline,https://www.mlb.com/news/2018-top-100-mlb-prospects-list-c301606192,23,Austin Hays,OF,BAL,True,669720,matched
2018,pipeline,https://www.mlb.com/news/2018-top-100-mlb-prospects-list-c301606192,24,Triston McKenzie,RHP,CLE,False,,pitcher
2018,pipeline,https://www.mlb.com/news/2018-top-100-mlb-prospects-list-c301606192,25,Brendan McKay,1B/LHP,TB,True,,unmatched
2018,pipeline,https://www.mlb.com/news/2018-top-100-mlb-prospects-list-c301606192,26,Sixto Sanchez,RHP,PHI,False,,pitcher
2018,pipeline,https://www.mlb.com/news/2018-top-100-mlb-prospects-list-c301606192,27,Lewis Brinson,OF,MIA,True,621446,matched
2018,pipeline,https://www.mlb.com/news/2018-top-100-mlb-prospects-list-c301606192,28,Luis Robert,OF,CWS,True,673357,matched
2018,pipeline,https://www.mlb.com/news/2018-top-100-mlb-prospects-list-c301606192,29,Juan Soto,OF,WAS,True,665742,matched
2018,pipeline,https://www.mlb.com/news/2018-top-100-mlb-prospects-list-c301606192,30,Kyle Wright,RHP,ATL,False,,pitcher
2018,pipeline,https://www.mlb.com/news/2018-top-100-mlb-prospects-list-c301606192,31,Mike Soroka,RHP,ATL,False,,pitcher
2018,pipeline,https://www.mlb.com/news/2018-top-100-mlb-prospects-list-c301606192,32,A.J. Puk,LHP,OAK,False,,pitcher
2018,pipeline,https://www.mlb.com/news/2018-top-100-mlb-prospects-list-c301606192,33,Alex Verdugo,OF,LAD,True,657077,matched
2018,pipeline,https://www.mlb.com/news/2018-top-100-mlb-prospects-list-c301606192,34,Leody Taveras,OF,TEX,True,665750,matched
2018,pipeline,https://www.mlb.com/news/2018-top-100-mlb-prospects-list-c301606192,35,Scott Kingery,2B,PHI,True,664068,matched
2018,pipeline,https://www.mlb.com/news/2018-top-100-mlb-prospects-list-c301606192,36,Luis Urías,2B/SS,SD,True,649966,matched
2018,pipeline,https://www.mlb.com/news/2018-top-100-mlb-prospects-list-c301606192,37,J.P. Crawford,SS,PHI,True,641487,matched
2018,pipeline,https://www.mlb.com/news/2018-top-100-mlb-prospects-list-c301606192,38,Jack Flaherty,RHP,STL,False,,pitcher
2018,pipeline,https://www.mlb.com/news/2018-top-100-mlb-prospects-list-c301606192,39,Franklin Perez,RHP,DET,False,,pitcher
2018,pipeline,https://www.mlb.com/news/2018-top-100-mlb-prospects-list-c301606192,40,Cal Quantrill,RHP,SD,False,,pitcher
2018,pipeline,https://www.mlb.com/news/2018-top-100-mlb-prospects-list-c301606192,41,Ryan McMahon,1B/2B,COL,True,641857,matched
2018,pipeline,https://www.mlb.com/news/2018-top-100-mlb-prospects-list-c301606192,42,Michel Baez,RHP,SD,False,,pitcher
2018,pipeline,https://www.mlb.com/news/2018-top-100-mlb-prospects-list-c301606192,43,Taylor Trammell,OF,CIN,True,666211,matched
2018,pipeline,https://www.mlb.com/news/2018-top-100-mlb-prospects-list-c301606192,44,Estevan Florial,OF,NYY,True,664314,matched
2018,pipeline,https://www.mlb.com/news/2018-top-100-mlb-prospects-list-c301606192,45,Austin Meadows,OF,PIT,True,640457,matched
2018,pipeline,https://www.mlb.com/news/2018-top-100-mlb-prospects-list-c301606192,46,Carson Kelly,C,STL,True,608348,matched
2018,pipeline,https://www.mlb.com/news/2018-top-100-mlb-prospects-list-c301606192,47,Anthony Alford,OF,TOR,True,546990,matched
2018,pipeline,https://www.mlb.com/news/2018-top-100-mlb-prospects-list-c301606192,48,Justus Sheffield,LHP,NYY,False,,pitcher
2018,pipeline,https://www.mlb.com/news/2018-top-100-mlb-prospects-list-c301606192,49,Luiz Gohara,LHP,ATL,False,,pitcher
2018,pipeline,https://www.mlb.com/news/2018-top-100-mlb-prospects-list-c301606192,50,Adrian Morejon,LHP,SD,False,,pitcher
2018,pipeline,https://www.mlb.com/news/2018-top-100-mlb-prospects-list-c301606192,51,Ian Anderson,RHP,ATL,False,,pitcher
2018,pipeline,https://www.mlb.com/news/2018-top-100-mlb-prospects-list-c301606192,52,Keibert Ruiz,C,LAD,True,660688,matched
2018,pipeline,https://www.mlb.com/news/2018-top-100-mlb-prospects-list-c301606192,53,Willie Calhoun,OF,TEX,True,641432,matched
2018,pipeline,https://www.mlb.com/news/2018-top-100-mlb-prospects-list-c301606192,54,Alec Hansen,RHP,CWS,False,,pitcher
2018,pipeline,https://www.mlb.com/news/2018-top-100-mlb-prospects-list-c301606192,55,Matt Manning,RHP,DET,False,,pitcher
2018,pipeline,https://www.mlb.com/news/2018-top-100-mlb-prospects-list-c301606192,56,Keston Hiura,2B,MIL,True,669374,matched
2018,pipeline,https://www.mlb.com/news/2018-top-100-mlb-prospects-list-c301606192,57,Jesus Sanchez,OF,TB,True,660821,matched
2018,pipeline,https://www.mlb.com/news/2018-top-100-mlb-prospects-list-c301606192,58,Kolby Allard,LHP,ATL,False,,pitcher
2018,pipeline,https://www.mlb.com/news/2018-top-100-mlb-prospects-list-c301606192,59,Alex Faedo,RHP,DET,False,,pitcher
2018,pipeline,https://www.mlb.com/news/2018-top-100-mlb-prospects-list-c301606192,60,Jesus Luzardo,LHP,OAK,False,,pitcher
2018,pipeline,https://www.mlb.com/news/2018-top-100-mlb-prospects-list-c301606192,61,Dylan Cease,RHP,CWS,False,,pitcher
2018,pipeline,https://www.mlb.com/news/2018-top-100-mlb-prospects-list-c301606192,62,Jo Adell,OF,LAA,True,666176,matched
2018,pipeline,https://www.mlb.com/news/2018-top-100-mlb-prospects-list-c301606192,63,Heliot Ramos,OF,SF,True,671218,matched
2018,pipeline,https://www.mlb.com/news/2018-top-100-mlb-prospects-list-c301606192,64,Jake Bauers,OF/1B,TB,True,641343,matched
2018,pipeline,https://www.mlb.com/news/2018-top-100-mlb-prospects-list-c301606192,65,Miguel Andújar,3B,NYY,True,609280,matched
2018,pipeline,https://www.mlb.com/news/2018-top-100-mlb-prospects-list-c301606192,66,Franklin Barreto,SS/2B,OAK,True,620439,matched
2018,pipeline,https://www.mlb.com/news/2018-top-100-mlb-prospects-list-c301606192,67,Shane Baz,RHP,PIT,False,,pitcher
2018,pipeline,https://www.mlb.com/news/2018-top-100-mlb-prospects-list-c301606192,68,Fernando Romero,RHP,MIN,False,,pitcher
2018,pipeline,https://www.mlb.com/news/2018-top-100-mlb-prospects-list-c301606192,69,Corbin Burnes,RHP,MIL,False,,pitcher
2018,pipeline,https://www.mlb.com/news/2018-top-100-mlb-prospects-list-c301606192,70,Kyle Lewis,OF,SEA,True,641786,matched
2018,pipeline,https://www.mlb.com/news/2018-top-100-mlb-prospects-list-c301606192,71,Monte Harrison,OF,MIA,True,656509,matched
2018,pipeline,https://www.mlb.com/news/2018-top-100-mlb-prospects-list-c301606192,72,Jorge Mateo,SS/OF,OAK,True,622761,matched
2018,pipeline,https://www.mlb.com/news/2018-top-100-mlb-prospects-list-c301606192,73,Jon Duplantier,RHP,ARI,False,,pitcher
2018,pipeline,https://www.mlb.com/news/2018-top-100-mlb-prospects-list-c301606192,74,Albert Abreu,RHP,NYY,False,,pitcher
2018,pipeline,https://www.mlb.com/news/2018-top-100-mlb-prospects-list-c301606192,75,Chance Adams,RHP,NYY,False,,pitcher
2018,pipeline,https://www.mlb.com/news/2018-top-100-mlb-prospects-list-c301606192,76,J.B. Bukauskas,RHP,HOU,False,,pitcher
2018,pipeline,https://www.mlb.com/news/2018-top-100-mlb-prospects-list-c301606192,77,Beau Burrows,RHP,DET,False,,pitcher
2018,pipeline,https://www.mlb.com/news/2018-top-100-mlb-prospects-list-c301606192,78,Stephen Gonsalves,LHP,MIN,False,,pitcher
2018,pipeline,https://www.mlb.com/news/2018-top-100-mlb-prospects-list-c301606192,79,Michael Chavis,3B,BOS,True,656308,matched
2018,pipeline,https://www.mlb.com/news/2018-top-100-mlb-prospects-list-c301606192,80,Nick Gordon,SS/2B,MIN,True,624503,matched
2018,pipeline,https://www.mlb.com/news/2018-top-100-mlb-prospects-list-c301606192,81,Christian Arroyo,3B/SS,TB,True,624414,matched
2018,pipeline,https://www.mlb.com/news/2018-top-100-mlb-prospects-list-c301606192,82,Jesse Winker,OF,CIN,True,608385,matched
2018,pipeline,https://www.mlb.com/news/2018-top-100-mlb-prospects-list-c301606192,83,Max Fried,LHP,ATL,False,,pitcher
2018,pipeline,https://www.mlb.com/news/2018-top-100-mlb-prospects-list-c301606192,84,Tyler Mahle,RHP,CIN,False,,pitcher
2018,pipeline,https://www.mlb.com/news/2018-top-100-mlb-prospects-list-c301606192,85,Jay Groome,LHP,BOS,False,,pitcher
2018,pipeline,https://www.mlb.com/news/2018-top-100-mlb-prospects-list-c301606192,86,Adonis Medina,RHP,PHI,False,,pitcher
2018,pipeline,https://www.mlb.com/news/2018-top-100-mlb-prospects-list-c301606192,87,Kevin Maitan,SS,LAA,True,670867,matched
2018,pipeline,https://www.mlb.com/news/2018-top-100-mlb-prospects-list-c301606192,88,Mickey Moniak,OF,PHI,True,666160,matched
2018,pipeline,https://www.mlb.com/news/2018-top-100-mlb-prospects-list-c301606192,89,Anderson Espinoza,RHP,SD,False,,pitcher
2018,pipeline,https://www.mlb.com/news/2018-top-100-mlb-prospects-list-c301606192,90,Carter Kieboom,SS,WAS,True,666198,matched
2018,pipeline,https://www.mlb.com/news/2018-top-100-mlb-prospects-list-c301606192,91,Pavin Smith,1B,ARI,True,656976,matched
2018,pipeline,https://www.mlb.com/news/2018-top-100-mlb-prospects-list-c301606192,92,Dane Dunning,RHP,CWS,False,,pitcher
2018,pipeline,https://www.mlb.com/news/2018-top-100-mlb-prospects-list-c301606192,93,Jahmai Jones,OF,LAA,True,663330,matched
2018,pipeline,https://www.mlb.com/news/2018-top-100-mlb-prospects-list-c301606192,94,Tyler O'Neill,OF,STL,True,641933,matched
2018,pipeline,https://www.mlb.com/news/2018-top-100-mlb-prospects-list-c301606192,95,Adam Haseley,OF,PHI,True,656514,matched
2018,pipeline,https://www.mlb.com/news/2018-top-100-mlb-prospects-list-c301606192,96,Brandon Woodruff,RHP,MIL,False,,pitcher
2018,pipeline,https://www.mlb.com/news/2018-top-100-mlb-prospects-list-c301606192,97,Austin Riley,3B,ATL,True,663586,matched
2018,pipeline,https://www.mlb.com/news/2018-top-100-mlb-prospects-list-c301606192,98,Ryan Mountcastle,3B,BAL,True,663624,matched
2018,pipeline,https://www.mlb.com/news/2018-top-100-mlb-prospects-list-c301606192,99,Blake Rutherford,OF,CWS,True,666164,matched
2018,pipeline,https://www.mlb.com/news/2018-top-100-mlb-prospects-list-c301606192,100,Riley Pint,RHP,COL,False,,pitcher
